{"timestamps": [1507328008.064457, 1507328010.8588934, 1507328013.0150685, 1507328015.5817788, 1507328017.70645, 1507328019.7276688, 1507328022.0318384, 1507328024.850148, 1507328027.2007973, 1507328029.033361, 1507328031.2240348, 1507328033.077265, 1507328034.9071052, 1507328036.7232943, 1507328038.4808145, 1507328040.2581594, 1507328042.2095578, 1507328044.026627, 1507328045.7827823, 1507328047.58803, 1507328049.4612727, 1507328051.2799675, 1507328053.0912726, 1507328054.844473, 1507328056.6748621, 1507328058.50848, 1507328060.670395, 1507328062.547917, 1507328064.2859776, 1507328066.0346913, 1507328067.849044, 1507328069.6586874, 1507328071.5122833, 1507328073.3289886, 1507328075.081848, 1507328076.88755, 1507328078.6689937], "episode_types": ["t", "t", "t", "t", "t", "t", "t", "t", "t", "t", "t", "t", "t", "t", "t", "t", "t", "t", "t", "t", "t", "t", "t", "t", "t", "t", "t", "t", "t", "t", "t", "t", "t", "t", "t", "t", "t", "t"], "episode_rewards": [-20.0, -21.0, -21.0, -20.0, -21.0, -21.0, -20.0, -20.0, -20.0, -21.0, -21.0, -21.0, -21.0, -21.0, -21.0, -21.0, -21.0, -21.0, -21.0, -21.0, -21.0, -21.0, -21.0, -21.0, -21.0, -21.0, -21.0, -21.0, -21.0, -21.0, -21.0, -21.0, -21.0, -21.0, -21.0, -21.0, -21.0], "initial_reset_timestamp": 1507328004.22434, "episode_lengths": [1344, 1135, 1127, 1327, 1138, 1112, 1305, 1358, 1303, 1012, 1238, 1029, 1027, 1027, 1012, 1020, 1007, 1020, 1021, 1009, 1015, 1023, 1023, 1011, 1013, 1037, 1019, 1027, 1009, 1018, 1009, 1029, 1006, 1020, 1010, 1009, 1026]}