{"episode_rewards": [-20.0, -19.0, -20.0, -20.0, -21.0, -21.0, -20.0, -21.0, -21.0, -21.0], "episode_types": ["t", "t", "t", "t", "t", "t", "t", "t", "t", "t", "t", "t"], "timestamps": [1507326835.4686127, 1507326881.169435, 1507326925.7864444, 1507326962.7033534, 1507326996.6732452, 1507327030.6370885, 1507327071.9411273, 1507327106.2049022, 1507327140.605056, 1507327174.4220474], "episode_lengths": [1185, 1348, 1334, 1103, 1016, 1015, 1236, 1022, 1029, 1010], "initial_reset_timestamp": 1507326793.9223554}