{"initial_reset_timestamp": 1502704452.57686, "timestamps": [1502704453.844018, 1502704455.540172, 1502704456.422755, 1502704457.032058, 1502704457.503359, 1502704458.926744, 1502704460.3921359, 1502704460.8064198, 1502704462.8945541, 1502704463.948684, 1502704464.704618, 1502704465.389461, 1502704465.8544059, 1502704467.123011, 1502704468.276455, 1502704468.9645782, 1502704469.8044002, 1502704470.986728, 1502704472.5001879, 1502704474.187676, 1502704475.340241, 1502704476.294108, 1502704477.151393, 1502704477.717098, 1502704478.188947, 1502704479.3520708, 1502704480.9415512, 1502704483.0188632, 1502704483.744757, 1502704484.070605, 1502704484.46546, 1502704485.20241, 1502704486.137242, 1502704486.746836, 1502704487.711288, 1502704488.845561, 1502704489.6475542, 1502704491.025738, 1502704492.245876, 1502704493.34954, 1502704494.458493, 1502704495.171793, 1502704496.689218, 1502704497.8937678, 1502704498.3960488, 1502704499.447789, 1502704501.91095, 1502704504.3717902, 1502704505.559604, 1502704506.489718, 1502704507.856603, 1502704509.133696, 1502704509.570689, 1502704510.365545, 1502704511.040978, 1502704511.469192, 1502704512.128492, 1502704513.418472, 1502704514.4946182, 1502704515.076085, 1502704517.45822, 1502704520.554334, 1502704521.841304, 1502704522.887674, 1502704524.08932, 1502704525.20574, 1502704526.482909, 1502704527.440938, 1502704528.2508821, 1502704528.936318, 1502704529.641904, 1502704530.2320378, 1502704530.896311, 1502704531.898001, 1502704532.642812, 1502704533.0482361, 1502704533.880418, 1502704535.297583, 1502704536.2255201, 1502704536.822353, 1502704537.446406, 1502704538.9359748, 1502704541.331327, 1502704543.249133, 1502704544.0328598, 1502704544.426333, 1502704544.697807, 1502704545.247638, 1502704545.9925041, 1502704547.74978, 1502704549.328286, 1502704550.28094, 1502704550.989184, 1502704551.7838268, 1502704552.723559, 1502704553.777688, 1502704554.509396, 1502704555.412182, 1502704556.815691, 1502704558.141536, 1502704559.5409431, 1502704560.3789551, 1502704560.936515, 1502704562.1322298, 1502704563.601686, 1502704565.379348, 1502704566.4902751, 1502704567.552004, 1502704568.642881, 1502704569.124074, 1502704569.703524, 1502704570.546937, 1502704571.924942, 1502704573.336776, 1502704574.2671812, 1502704575.068865, 1502704575.8279638, 1502704576.692399, 1502704578.530058, 1502704580.0979772, 1502704580.705823, 1502704581.746166, 1502704582.465614, 1502704584.325461, 1502704586.848435, 1502704588.3733602, 1502704589.080771, 1502704589.76828, 1502704590.807232, 1502704591.600822, 1502704592.104481, 1502704593.0167449, 1502704594.166514, 1502704595.007576, 1502704595.815257, 1502704596.700481, 1502704597.533094, 1502704598.605987, 1502704599.854292, 1502704600.6724129, 1502704600.9980428, 1502704601.330197, 1502704602.130114, 1502704603.348971, 1502704604.681107, 1502704605.697247, 1502704606.270261, 1502704607.093863, 1502704608.0432441, 1502704609.088531, 1502704609.996023, 1502704610.6010208, 1502704611.421817, 1502704612.151257, 1502704612.7975569, 1502704613.921212, 1502704615.130042, 1502704615.852798, 1502704617.157572, 1502704618.423732, 1502704619.762513, 1502704620.927049, 1502704621.53247, 1502704622.672369, 1502704623.9644842, 1502704625.26854, 1502704626.6109939, 1502704627.314382, 1502704627.847192, 1502704628.773246, 1502704629.8609438, 1502704630.734883, 1502704631.828902, 1502704632.801163, 1502704633.397078, 1502704633.899529, 1502704634.9091442, 1502704635.823593, 1502704636.6607518, 1502704638.080297, 1502704638.9894762, 1502704639.3273861, 1502704639.855805, 1502704641.284178, 1502704643.126313, 1502704643.859592, 1502704645.044435, 1502704646.182574, 1502704646.912409, 1502704647.578601, 1502704648.7479072, 1502704650.6432471, 1502704651.973994, 1502704652.877289, 1502704653.660598, 1502704654.402207, 1502704654.974387, 1502704655.3773272, 1502704655.9139998, 1502704656.73295, 1502704714.542809], "episode_lengths": [1030, 976, 701, 523, 430, 2004, 625, 293, 1633, 416, 913, 461, 428, 1655, 596, 746, 827, 1242, 1550, 1535, 724, 979, 698, 490, 448, 1552, 1303, 1206, 324, 340, 421, 836, 890, 361, 1242, 894, 667, 1640, 637, 1346, 829, 601, 2012, 268, 634, 1271, 2959, 806, 1322, 502, 1762, 601, 292, 979, 409, 422, 719, 1559, 544, 588, 3307, 1199, 1102, 843, 690, 1228, 1097, 743, 821, 591, 764, 462, 725, 1072, 458, 380, 1068, 1517, 326, 704, 577, 1951, 2073, 1207, 426, 371, 251, 684, 709, 2243, 489, 1170, 299, 1010, 793, 1177, 376, 1146, 1295, 1138, 1397, 325, 630, 1295, 1423, 1754, 321, 1444, 707, 345, 717, 876, 1562, 1096, 783, 743, 682, 901, 2269, 493, 668, 1180, 306, 2754, 1232, 775, 655, 682, 1219, 427, 512, 1121, 1026, 646, 821, 814, 776, 1241, 1111, 537, 222, 352, 984, 1184, 1262, 729, 436, 965, 840, 1078, 729, 532, 957, 546, 709, 1342, 969, 508, 1685, 637, 1752, 441, 688, 1275, 1100, 1276, 1272, 215, 689, 1019, 1049, 699, 1279, 655, 518, 472, 1269, 598, 893, 1542, 304, 341, 633, 1854, 1284, 267, 1665, 480, 872, 509, 1570, 1766, 658, 961, 635, 755, 435, 388, 654, 814, 3398], "episode_rewards": [700.0, 600.0, 325.0, 200.0, 100.0, 900.0, 500.0, 200.0, 425.0, 325.0, 275.0, 250.0, 275.0, 775.0, 225.0, 525.0, 150.0, 425.0, 375.0, 625.0, 175.0, 400.0, 125.0, 50.0, 200.0, 550.0, 525.0, 550.0, 250.0, 100.0, 225.0, 225.0, 175.0, 100.0, 225.0, 375.0, 600.0, 525.0, 275.0, 650.0, 500.0, 200.0, 375.0, 0.0, 375.0, 825.0, 625.0, 550.0, 725.0, 400.0, 925.0, 300.0, 150.0, 275.0, 225.0, 400.0, 375.0, 575.0, 375.0, 150.0, 1575.0, 275.0, 250.0, 125.0, 150.0, 450.0, 650.0, 0.0, 325.0, 350.0, 400.0, 275.0, 525.0, 475.0, 175.0, 225.0, 375.0, 500.0, 350.0, 150.0, 175.0, 625.0, 575.0, 300.0, 300.0, 175.0, 25.0, 225.0, 450.0, 950.0, 200.0, 475.0, 150.0, 325.0, 500.0, 275.0, 225.0, 600.0, 450.0, 500.0, 650.0, 150.0, 150.0, 150.0, 675.0, 625.0, 275.0, 525.0, 325.0, 300.0, 250.0, 425.0, 375.0, 575.0, 150.0, 275.0, 500.0, 375.0, 500.0, 325.0, 225.0, 400.0, 200.0, 225.0, 300.0, 500.0, 300.0, 325.0, 400.0, 325.0, 100.0, 275.0, 375.0, 175.0, 125.0, 500.0, 500.0, 350.0, 375.0, 400.0, 100.0, 225.0, 600.0, 600.0, 675.0, 175.0, 400.0, 275.0, 350.0, 600.0, 450.0, 150.0, 200.0, 100.0, 175.0, 475.0, 425.0, 200.0, 500.0, 200.0, 525.0, 350.0, 450.0, 575.0, 350.0, 600.0, 825.0, 25.0, 525.0, 300.0, 575.0, 350.0, 325.0, 525.0, 250.0, 125.0, 325.0, 275.0, 450.0, 1050.0, 100.0, 175.0, 100.0, 725.0, 400.0, 150.0, 800.0, 350.0, 525.0, 50.0, 575.0, 625.0, 350.0, 475.0, 575.0, 550.0, 175.0, 150.0, 125.0, 400.0, 0.0], "episode_types": ["t", "t", "t", "t", "t", "t", "t", "t", "t", "t", "t", "t", "t", "t", "t", "t", "t", "t", "t", "t", "t", "t", "t", "t", "t", "t", "t", "t", "t", "t", "t", "t", "t", "t", "t", "t", "t", "t", "t", "t", "t", "t", "t", "t", "t", "t", "t", "t", "t", "t", "t", "t", "t", "t", "t", "t", "t", "t", "t", "t", "t", "t", "t", "t", "t", "t", "t", "t", "t", "t", "t", "t", "t", "t", "t", "t", "t", "t", "t", "t", "t", "t", "t", "t", "t", "t", "t", "t", "t", "t", "t", "t", "t", "t", "t", "t", "t", "t", "t", "t", "t", "t", "t", "t", "t", "t", "t", "t", "t", "t", "t", "t", "t", "t", "t", "t", "t", "t", "t", "t", "t", "t", "t", "t", "t", "t", "t", "t", "t", "t", "t", "t", "t", "t", "t", "t", "t", "t", "t", "t", "t", "t", "t", "t", "t", "t", "t", "t", "t", "t", "t", "t", "t", "t", "t", "t", "t", "t", "t", "t", "t", "t", "t", "t", "t", "t", "t", "t", "t", "t", "t", "t", "t", "t", "t", "t", "t", "t", "t", "t", "t", "t", "t", "t", "t", "t", "t", "t", "t", "t", "t", "t", "t", "t", "t", "t", "t", "t", "t", "t", "t", "t"]}