{"initial_reset_timestamp": 1506922799.119488, "timestamps": [1506922799.906358, 1506922800.1931589, 1506922800.245704, 1506922800.251266, 1506922800.2564218, 1506922800.261475, 1506922800.268053, 1506922800.273134, 1506922800.422391, 1506922800.496181, 1506922800.504881, 1506922800.512106, 1506922800.520989, 1506922800.530536, 1506922800.536324, 1506922800.541101, 1506922800.5463302, 1506922800.551178, 1506922800.5566678, 1506922800.562366, 1506922800.5671968, 1506922800.572512, 1506922800.5787442, 1506922800.584088, 1506922800.589298, 1506922800.595287, 1506922800.600374, 1506922800.7952378, 1506922800.839241, 1506922800.844862, 1506922800.852375, 1506922800.857145, 1506922800.862197, 1506922800.866892, 1506922800.871823, 1506922800.87768, 1506922800.8845131, 1506922800.889983, 1506922800.895093, 1506922800.900788, 1506922800.905927, 1506922800.911496, 1506922800.9166982, 1506922800.92124, 1506922800.9258292, 1506922800.9306712, 1506922800.9389591, 1506922800.945798, 1506922800.951149, 1506922800.9561758, 1506922800.960617, 1506922800.9659278, 1506922800.971709, 1506922800.9784188, 1506922800.98689, 1506922800.9926, 1506922800.998724, 1506922801.004025, 1506922801.009244, 1506922801.0145931, 1506922801.019615, 1506922801.02589, 1506922801.031874, 1506922801.038453, 1506922801.273071, 1506922801.3317811, 1506922801.337895, 1506922801.34313, 1506922801.350611, 1506922801.355432, 1506922801.36197, 1506922801.3686342, 1506922801.373823, 1506922801.378905, 1506922801.38367, 1506922801.38833, 1506922801.394634, 1506922801.400467, 1506922801.405817, 1506922801.4111512, 1506922801.416833, 1506922801.4228039, 1506922801.42862, 1506922801.433375, 1506922801.4389482, 1506922801.4469361, 1506922801.453502, 1506922801.459302, 1506922801.464488, 1506922801.469492, 1506922801.474546, 1506922801.4797509, 1506922801.485322, 1506922801.491338, 1506922801.498704, 1506922801.504708, 1506922801.510601, 1506922801.517536, 1506922801.5239549, 1506922801.528743, 1506922801.5341718, 1506922801.540611, 1506922801.5469172, 1506922801.555514, 1506922801.562596, 1506922801.568963, 1506922801.575192, 1506922801.581527, 1506922801.590181, 1506922801.599175, 1506922801.605922, 1506922801.611477, 1506922801.6171331, 1506922801.6225688, 1506922801.628861, 1506922801.6341891, 1506922801.6389172, 1506922801.6449091, 1506922801.651119, 1506922801.655751, 1506922801.6609652, 1506922801.667307, 1506922801.6717398, 1506922801.676152, 1506922801.68051, 1506922801.857242, 1506922801.899572, 1506922801.906116, 1506922801.913435, 1506922801.919148, 1506922801.924675, 1506922801.930441, 1506922801.935646, 1506922801.9405282, 1506922801.946383, 1506922801.95218, 1506922801.957103, 1506922801.963501, 1506922801.969296, 1506922801.974289, 1506922801.9791832, 1506922801.984258, 1506922801.988836, 1506922801.993546, 1506922801.9983912, 1506922802.003277, 1506922802.0081449, 1506922802.013344, 1506922802.018674, 1506922802.023094, 1506922802.027936, 1506922802.033438, 1506922802.0382872, 1506922802.043551, 1506922802.048896, 1506922802.0538461, 1506922802.0587661, 1506922802.065207, 1506922802.070095, 1506922802.075296, 1506922802.080157, 1506922802.087109, 1506922802.095125, 1506922802.102693, 1506922802.109792, 1506922802.116336, 1506922802.124655, 1506922802.1317692, 1506922802.1377769, 1506922802.144667, 1506922802.150296, 1506922802.157471, 1506922802.163541, 1506922802.171076, 1506922802.177492, 1506922802.182326, 1506922802.189009, 1506922802.194169, 1506922802.199235, 1506922802.203956, 1506922802.209197, 1506922802.214072, 1506922802.2208169, 1506922802.227218, 1506922802.2337909, 1506922802.239628, 1506922802.245355, 1506922802.2507572, 1506922802.2560189, 1506922802.2611918, 1506922802.2659771, 1506922802.273091, 1506922802.280025, 1506922802.285986, 1506922802.2923672, 1506922802.298947, 1506922802.30592, 1506922802.311402, 1506922802.317139, 1506922802.324609, 1506922802.3301508, 1506922802.336428, 1506922802.3419452, 1506922802.347902, 1506922802.353477, 1506922802.359814, 1506922802.365855, 1506922802.374527, 1506922802.380942, 1506922802.387855, 1506922802.394725, 1506922802.400848, 1506922802.406589, 1506922802.412283, 1506922802.417484, 1506922802.423295, 1506922802.611104, 1506922802.6544309, 1506922802.66077, 1506922802.6659899, 1506922802.671934, 1506922802.678934, 1506922802.685267, 1506922802.690249, 1506922802.695244, 1506922802.7006679, 1506922802.706222, 1506922802.7118149, 1506922802.716821, 1506922802.721765, 1506922802.726314, 1506922802.7315898, 1506922802.7380538, 1506922802.743266, 1506922802.7480478, 1506922802.7547688, 1506922802.760531, 1506922802.765874, 1506922802.770699, 1506922802.775917, 1506922802.7807832, 1506922802.786853, 1506922802.791994, 1506922802.797326, 1506922802.8036768, 1506922802.809364, 1506922802.814316, 1506922802.819556, 1506922802.826041, 1506922802.83214, 1506922802.837078, 1506922802.842067, 1506922802.8470871, 1506922802.852476, 1506922802.85798, 1506922802.863296, 1506922802.868352, 1506922802.873086, 1506922802.8777752, 1506922802.8831959, 1506922802.888863, 1506922802.894287, 1506922802.899691, 1506922802.905314, 1506922802.9111218, 1506922802.916571, 1506922802.921747, 1506922802.926798, 1506922802.933014, 1506922802.939287, 1506922802.9446669, 1506922802.949846, 1506922802.9556139, 1506922802.962534, 1506922802.96959, 1506922802.977053, 1506922802.9870899, 1506922802.994466, 1506922803.00383, 1506922803.0119622, 1506922803.018817, 1506922803.02595, 1506922803.032234, 1506922803.038581, 1506922803.044681, 1506922803.05097, 1506922803.060705, 1506922803.068403, 1506922803.0738392, 1506922803.078819, 1506922803.084213, 1506922803.0894668, 1506922803.095238, 1506922803.100415, 1506922803.105453, 1506922803.11203, 1506922803.118677, 1506922803.124546, 1506922803.129528, 1506922803.1345751, 1506922803.14, 1506922803.144598, 1506922803.1492631, 1506922803.153766, 1506922803.158763, 1506922803.1651058, 1506922803.172294, 1506922803.177902, 1506922803.1854668, 1506922803.191465, 1506922803.198008, 1506922803.203987, 1506922803.210729, 1506922803.216922, 1506922803.2238631, 1506922803.2289789, 1506922803.236369, 1506922803.242326, 1506922803.249022, 1506922803.2553742, 1506922803.26134, 1506922803.269695, 1506922803.275264, 1506922803.280798, 1506922803.286377, 1506922803.2916071, 1506922803.29631, 1506922803.3014889, 1506922803.306865, 1506922803.3139782, 1506922803.320096, 1506922803.32585, 1506922803.3307579, 1506922803.337218, 1506922803.344168, 1506922803.3498108, 1506922803.354364, 1506922803.359613, 1506922803.366901, 1506922803.374015, 1506922803.381453, 1506922803.388476, 1506922803.3933299, 1506922803.60204, 1506922803.6535811, 1506922803.658962, 1506922803.663936, 1506922803.669406, 1506922803.675977, 1506922803.680922, 1506922803.687077, 1506922803.692585, 1506922803.697362, 1506922803.701961, 1506922803.708598, 1506922803.714845, 1506922803.7219572, 1506922803.7276769, 1506922803.733375, 1506922803.739254, 1506922803.744458, 1506922803.749164, 1506922803.753779, 1506922803.758529, 1506922803.763953, 1506922803.770165, 1506922803.7761228, 1506922803.7809548, 1506922803.7874079, 1506922803.79291, 1506922803.79811, 1506922803.808937, 1506922803.860688, 1506922803.958536, 1506922804.0424562, 1506922804.119782, 1506922804.199475, 1506922804.2719822, 1506922804.3640609, 1506922804.43343, 1506922804.468222, 1506922804.508793, 1506922804.55128, 1506922804.583741, 1506922804.6309602, 1506922804.721774, 1506922804.7969348, 1506922804.876238, 1506922804.967175, 1506922805.029345, 1506922805.0706618, 1506922805.138858, 1506922805.207259, 1506922805.2518039, 1506922805.307619, 1506922805.348737, 1506922805.388551, 1506922805.436243, 1506922805.490466, 1506922805.547743, 1506922805.5814679, 1506922805.620521, 1506922805.679998, 1506922805.7246552, 1506922805.754951, 1506922805.783621, 1506922805.810697, 1506922805.834808, 1506922805.902432, 1506922805.970807, 1506922806.02626, 1506922806.090374, 1506922806.1216698, 1506922806.184513, 