{"initial_reset_timestamp": 1507405498.571011, "timestamps": [1507405499.69392, 1507405500.748188, 1507405500.8003972, 1507405500.814311, 1507405500.830979, 1507405500.8425658, 1507405500.849943, 1507405500.862943, 1507405501.179831, 1507405501.2451909, 1507405501.259726, 1507405501.269106, 1507405501.288498, 1507405501.296322, 1507405501.307828, 1507405501.324352, 1507405501.335804, 1507405501.3479328, 1507405501.3600209, 1507405501.38496, 1507405501.393043, 1507405501.399907, 1507405501.410978, 1507405501.442472, 1507405501.459427, 1507405501.469377, 1507405501.491806, 1507405502.281488, 1507405502.348295, 1507405502.3644218, 1507405502.377735, 1507405502.393743, 1507405502.403397, 1507405502.432637, 1507405502.444907, 1507405502.4546309, 1507405502.4739552, 1507405502.4972532, 1507405502.512525, 1507405502.5295591, 1507405502.5469382, 1507405502.557392, 1507405502.585688, 1507405502.64155, 1507405502.658998, 1507405502.704858, 1507405502.733279, 1507405502.7474182, 1507405502.771512, 1507405502.803197, 1507405502.818053, 1507405502.829534, 1507405502.842664, 1507405502.853472, 1507405502.863522, 1507405502.872534, 1507405502.887229, 1507405502.898805, 1507405502.911495, 1507405502.919358, 1507405502.9309561, 1507405502.9405282, 1507405502.9547222, 1507405502.963383, 1507405503.1866722, 1507405503.248975, 1507405503.262145, 1507405503.278986, 1507405503.293288, 1507405503.30279, 1507405503.316077, 1507405503.324336, 1507405503.345731, 1507405503.356204, 1507405503.3649201, 1507405503.376101, 1507405503.3990989, 1507405503.414093, 1507405503.432022, 1507405503.457557, 1507405503.4706812, 1507405503.5159712, 1507405503.5343082, 1507405503.544343, 1507405503.557766, 1507405503.568671, 1507405503.583056, 1507405503.595068, 1507405503.607851, 1507405503.645387, 1507405503.658278, 1507405503.678041, 1507405503.696249, 1507405503.708399, 1507405503.718643, 1507405503.733731, 1507405503.745524, 1507405503.7534049, 1507405503.763458, 1507405503.7709508, 1507405503.793848, 1507405503.80823, 1507405503.817379, 1507405503.836729, 1507405503.848796, 1507405503.869622, 1507405503.88584, 1507405503.9109728, 1507405503.928769, 1507405503.954425, 1507405503.96606, 1507405503.985893, 1507405503.9978209, 1507405504.01541, 1507405504.026579, 1507405504.037664, 1507405504.050548, 1507405504.064939, 1507405504.074959, 1507405504.094752, 1507405504.1078038, 1507405504.124876, 1507405504.1433249, 1507405504.154963, 1507405504.164032, 1507405504.8641531], "episode_lengths": [25, 17, 10, 22, 29, 15, 10, 18, 17, 34, 17, 15, 35, 11, 15, 29, 20, 20, 17, 44, 11, 9, 14, 42, 24, 12, 31, 46, 11, 25, 21, 23, 14, 53, 18, 16, 33, 45, 22, 18, 19, 12, 37, 91, 25, 77, 37, 15, 34, 45, 15, 13, 17, 18, 14, 10, 20, 16, 16, 11, 11, 10, 17, 9, 11, 34, 18, 27, 18, 14, 19, 12, 35, 14, 13, 16, 39, 19, 21, 34, 12, 65, 29, 13, 21, 17, 21, 15, 20, 49, 14, 24, 20, 12, 11, 18, 13, 10, 15, 10, 35, 22, 13, 30, 17, 23, 18, 32, 19, 36, 13, 33, 15, 31, 16, 13, 18, 15, 10, 25, 15, 18, 23, 13, 9, 45], "episode_rewards": [25.0, 17.0, 10.0, 22.0, 29.0, 15.0, 10.0, 18.0, 17.0, 34.0, 17.0, 15.0, 35.0, 11.0, 15.0, 29.0, 20.0, 20.0, 17.0, 44.0, 11.0, 9.0, 14.0, 42.0, 24.0, 12.0, 31.0, 46.0, 11.0, 25.0, 21.0, 23.0, 14.0, 53.0, 18.0, 16.0, 33.0, 45.0, 22.0, 18.0, 19.0, 12.0, 37.0, 91.0, 25.0, 77.0, 37.0, 15.0, 34.0, 45.0, 15.0, 13.0, 17.0, 18.0, 14.0, 10.0, 20.0, 16.0, 16.0, 11.0, 11.0, 10.0, 17.0, 9.0, 11.0, 34.0, 18.0, 27.0, 18.0, 14.0, 19.0, 12.0, 35.0, 14.0, 13.0, 16.0, 39.0, 19.0, 21.0, 34.0, 12.0, 65.0, 29.0, 13.0, 21.0, 17.0, 21.0, 15.0, 20.0, 49.0, 14.0, 24.0, 20.0, 12.0, 11.0, 18.0, 13.0, 10.0, 15.0, 10.0, 35.0, 22.0, 13.0, 30.0, 17.0, 23.0, 18.0, 32.0, 19.0, 36.0, 13.0, 33.0, 15.0, 31.0, 16.0, 13.0, 18.0, 15.0, 10.0, 25.0, 15.0, 18.0, 23.0, 13.0, 9.0, 45.0], "episode_types": ["t", "t", "t", "t", "t", "t", "t", "t", "t", "t", "t", "t", "t", "t", "t", "t", "t", "t", "t", "t", "t", "t", "t", "t", "t", "t", "t", "t", "t", "t", "t", "t", "t", "t", "t", "t", "t", "t", "t", "t", "t", "t", "t", "t", "t", "t", "t", "t", "t", "t", "t", "t", "t", "t", "t", "t", "t", "t", "t", "t", "t", "t", "t", "t", "t", "t", "t", "t", "t", "t", "t", "t", "t", "t", "t", "t", "t", "t", "t", "t", "t", "t", "t", "t", "t", "t", "t", "t", "t", "t", "t", "t", "t", "t", "t", "t", "t", "t", "t", "t", "t", "t", "t", "t", "t", "t", "t", "t", "t", "t", "t", "t", "t", "t", "t", "t", "t", "t", "t", "t", "t", "t", "t", "t", "t", "t", "t"]}