{"initial_reset_timestamp": 1507406357.5999942, "timestamps": [1507406358.3567722, 1507406358.609678, 1507406358.654711, 1507406358.659418, 1507406358.6638908, 1507406358.668415, 1507406358.672796, 1507406358.677393, 1507406358.846623, 1507406358.916926, 1507406358.924033, 1507406358.930225, 1507406358.9363241, 1507406358.942127, 1507406358.947284, 1507406358.953175, 1507406358.9580228, 1507406358.962048, 1507406358.9661791, 1507406358.97031, 1507406358.9743822, 1507406358.978231, 1507406358.982187, 1507406358.9871628, 1507406358.991364, 1507406358.996158, 1507406359.0014431, 1507406359.2119732, 1507406359.2553558, 1507406359.259883, 1507406359.264213, 1507406359.268488, 1507406359.272668, 1507406359.276991, 1507406359.281461, 1507406359.2860858, 1507406359.290886, 1507406359.2965, 1507406359.3032079, 1507406359.308904, 1507406359.313249, 1507406359.317425, 1507406359.321666, 1507406359.3262038, 1507406359.3303869, 1507406359.334529, 1507406359.339234, 1507406359.346574, 1507406359.353048, 1507406359.358324, 1507406359.363196, 1507406359.3679318, 1507406359.373507, 1507406359.378984, 1507406359.384039, 1507406359.3887, 1507406359.3931808, 1507406359.399992, 1507406359.40544, 1507406359.409877, 1507406359.414634, 1507406359.419244, 1507406359.423816, 1507406359.427884, 1507406359.610549, 1507406359.6531389, 1507406359.659916, 1507406359.665341, 1507406359.6715462, 1507406359.676223, 1507406359.680979, 1507406359.6856818, 1507406359.6904829, 1507406359.6954901, 1507406359.70317, 1507406359.7082272, 1507406359.713255, 1507406359.719789, 1507406359.724708, 1507406359.7296379, 1507406359.7346041, 1507406359.7390342, 1507406359.743752, 1507406359.7486742, 1507406359.755093, 1507406359.759222, 1507406359.7634182, 1507406359.7697148, 1507406359.774025, 1507406359.778381, 1507406359.7829618, 1507406359.787341, 1507406359.7912, 1507406359.795128, 1507406359.798872, 1507406359.805679, 1507406359.811035, 1507406359.815828, 1507406359.821734, 1507406359.8262, 1507406359.830264, 1507406359.834275, 1507406359.839263, 1507406359.844864, 1507406359.850996, 1507406359.857267, 1507406359.864713, 1507406359.8731132, 1507406359.8802161, 1507406359.88659, 1507406359.891446, 1507406359.8971891, 1507406359.902144, 1507406359.908649, 1507406359.9138439, 1507406359.9206662, 1507406359.926123, 1507406359.9308102, 1507406359.935688, 1507406359.9421299, 1507406359.9464839, 1507406359.952697, 1507406359.9573681, 1507406359.963704, 1507406359.9695191, 1507406360.144475, 1507406360.196817, 1507406360.202563, 1507406360.207345, 1507406360.212411, 1507406360.217342, 1507406360.223086, 1507406360.228226, 1507406360.2326279, 1507406360.238962, 1507406360.243904, 1507406360.2484338, 1507406360.252684, 1507406360.2575428, 1507406360.2620428, 1507406360.265986, 1507406360.270856, 1507406360.2772129, 1507406360.28214, 1507406360.2869508, 1507406360.2913148, 1507406360.296154, 1507406360.301378, 1507406360.3061929, 1507406360.3105469, 1507406360.314848, 1507406360.319158, 1507406360.323683, 1507406360.3293362, 1507406360.3345048, 1507406360.339469, 1507406360.3441112, 1507406360.348604, 1507406360.353136, 1507406360.357475, 1507406360.361728, 1507406360.367237, 1507406360.374202, 1507406360.383254, 1507406360.3917801, 1507406360.3977568, 1507406360.4052532, 1507406360.4141738, 1507406360.421248, 1507406360.428549, 1507406360.434277, 1507406360.440636, 1507406360.445641, 1507406360.452092, 1507406360.4570298, 1507406360.462232, 1507406360.4675672, 1507406360.473661, 1507406360.483459, 1507406360.4954538, 1507406360.5102642, 1507406360.552396, 1507406360.6110668, 1507406360.64506, 1507406360.6694138, 1507406360.705943, 1507406360.745355, 1507406360.793615, 1507406360.8564548, 1507406360.896516, 1507406360.942899, 1507406361.01848, 1507406361.0991879, 1507406361.147397, 1507406361.181468, 1507406361.2136939, 1507406361.238654, 1507406361.2637591, 1507406361.299456, 1507406361.327788, 1507406361.353646, 1507406361.380245, 1507406361.4051032, 1507406361.431117, 1507406361.4727712, 1507406361.521405, 1507406361.560135, 1507406361.587877, 1507406361.612272, 1507406361.634301, 1507406361.658171, 1507406361.6817138, 1507406361.7100391, 1507406361.7615921, 1507406361.7886431, 1507406361.811671, 1507406362.7755032, 1507406362.852009, 1507406362.879723, 1507406362.913548, 1507406362.9406788, 1507406362.961097, 1507406362.989835, 1507406363.0245929, 1507406363.055464, 1507406363.090924, 1507406363.1521862, 1507406363.200736, 1507406363.2212858, 1507406363.242209, 1507406363.262787, 1507406363.287231, 1507406363.308627, 1507406363.3389409, 1507406363.3711371, 1507406363.4008052, 1507406363.4196439, 1507406363.452538, 1507406363.489345, 1507406363.523, 1507406363.5634391, 1507406363.589765, 1507406363.612758, 1507406363.652334, 1507406363.6951091, 1507406363.725114, 1507406363.7751849, 1507406363.8293629, 1507406363.860804, 1507406363.8891652, 1507406363.921709, 1507406363.9572532, 1507406363.997108, 1507406364.02445, 1507406364.0552828, 1507406364.084817, 1507406364.11277, 1507406364.157931, 1507406364.187806, 1507406364.216865, 1507406364.240341, 1507406364.2611651, 1507406364.2868679, 1507406364.320946, 1507406364.358263, 1507406364.397291, 1507406364.440234, 1507406364.475015, 1507406364.493341, 1507406364.515127, 1507406364.541301, 1507406364.5760279, 1507406364.624667, 1507406364.657724, 1507406364.687438, 1507406364.718163, 1507406364.735838, 1507406364.762103, 1507406364.790518, 1507406364.814414, 1507406364.852061, 1507406364.90154, 1507406364.939998, 1507406364.975264, 1507406365.018543, 1507406365.0587142, 1507406365.081781, 1507406365.1084611, 1507406365.138363, 1507406365.172575, 1507406365.202761, 1507406365.231503, 1507406365.264071, 1507406365.299592, 1507406365.340529, 1507406365.3842938, 1507406365.413194, 1507406365.4362948, 1507406365.456293, 1507406365.481245, 1507406365.521682, 1507406365.5575209, 1507406365.5969548, 1507406365.632854, 1507406365.6576371, 1507406365.692034, 1507406365.7307992, 1507406365.7546911, 1507406365.7775948, 1507406365.8065379, 1507406365.842839, 1507406365.875563, 1507406365.9027169, 1507406365.9314601, 1507406365.9664059, 1507406365.999074, 1507406366.0287411, 1507406366.056627, 1507406366.0946171, 1507406366.1344059, 1507406366.1730518, 1507406366.20842, 1507406366.236882, 1507406366.266506, 1507406366.293665, 1507406366.322187, 1507406366.357671, 1507406366.393099, 1507406366.42244, 1507406366.458648, 1507406366.485779, 1507406366.525785, 1507406366.577488, 1507406366.656289, 1507406366.7126458, 1507406366.751991, 1507406366.792094, 1507406366.8236659, 1507406366.8493881, 1507406366.878289, 1507406366.908549, 1507406366.936564, 1507406366.97604, 1507406369.737399, 1507406369.843293, 1507406369.877606, 1507406369.90946, 1507406369.941081, 1507406369.9649081, 1507406369.98843, 1507406370.030678, 1507406370.0691998, 1507406370.1127172, 1507406370.158918, 1507406370.204602, 1507406370.264241, 1507406370.3365629, 1507406370.373775, 1507406370.403429, 1507406370.439114, 1507406370.475488, 1507406370.519874, 1507406370.562816, 1507406370.589366, 1507406370.622963, 1507406370.6716201, 1507406370.718715, 1507406370.75426, 1507406370.788568, 1507406370.846037, 1507406370.90347, 1507406370.938775, 1507406370.967409, 1507406371.001218, 1507406371.036531, 1507406371.0707781, 1507406371.1053991, 1507406371.172446, 1507406371.243673, 1507406371.2837088, 1507406371.311778, 1507406371.3419561, 1507406371.385292, 1507406371.432307, 1507406371.4805849, 1507406371.5273228, 1507406371.593557, 1507406371.668333, 1507406371.737084, 1507406371.7734988, 1507406371.812489, 1507406371.85522, 1507406371.911329, 1507406371.9700239, 1507406372.01047, 1507406372.077023, 1507406372.138369, 1507406372.184661, 1507406372.2331378, 1507406372.2631428, 1507406372.2919722, 1507406372.327859, 1507406372.378798, 1507406372.4155788, 1507406372.464414, 1507406372.504352, 1507406372.530269, 1507406372.569197, 1507406372.61831, 1507406372.6569421, 1507406372.707368, 1507406372.7732658, 